Autor;País;Nacimiento;Defunción;Cuentos
Alarcón, Pedro Antonio de;España;1833;1891;El extranjero, El sombrero de tres picos
Alas, Leopoldo (Clarín);España;1852;1901;¡Adiós, Cordera!, Benedictino, Dos sabios, El dúo de la tos, El entierro de la sardina, El gallo de Sócrates, En el tren, En la droguería, La conversión de Chiripa, La yernocracia, Tirso de Molina, Un voto
Aldecoa, Ignacio;España;1925;1969;El fantasma de Treviño, El loro antillano, Epitafio de un boxeador, Hasta que lleguen las doce, La despedida, Seguir de pobres, Un cuento de reyes, Un hombrecillo que nació para actor
Alegría, Ciro;Perú;1909;1967;De cómo repartió el diablo los males por el mundo, El barco fantasma, El puma de sombra, La sirena del bosque, Muerte del cabo Cheo López, Navidad en los Andes, Panki y el guerrero
Alonso, Manuel A.;Puerto Rico;1822;1889;1833-1883, Agapito Avellaneda, El jíbaro en la capital, El pájaro malo, El sueño de mi compadre, La gallera, La linterna mágica, La negrita y la vaquita, Perico Paciencia
Anderson Imbert, Enrique;Argentina;1910;2000;Alas, Aquiles y la tortuga, Arte y vida, Cuerno y marfil, El beso, El diluvio, El fantasma, El ganador, El leve Pedro, El suicida, Espiral, Jasón, La cueva de Montesinos, La fama, La foto, La montaña, La muerte, La pierna dormida, Las estatuas, Las manos, Las últimas miradas, Licantropía, Sadismo y masoquismo, Sententia Nominum, Tabú, Teologías y demonologías, Una plaza en el cielo, Vudú
Arenal, Humberto;Cuba;1926;2012;El caballero Charles, La vuelta en redondo
Arévalo Martínez, Rafael;Guatemala;1884;1975;El hechizado, La signatura de la esfinge
Arguedas, José María;Perú;1911;1969;El barranco, El joven que subió al cielo, La muerte de los Arango
Arlt, Roberto;Argentina;1900;1942;Accidentado paseo a Moka, Acuérdate de Azerbaijan, Ejercicio de artillería, El cazador de orquídeas, El gato cocido, El hombre del turbante verde, El jorobadito, Extraordinaria historia de dos tuertos, Halid Majid el achicharrado, Historia del señor Jefries y Nassin el Egipcio, La aventura de Baba en Dimisch esh Sham, La cadena del ancla, La doble trampa mortal, La factoría de Farjalla Bill Alí, La luna roja, La ola de perfume verde, La pista de los dientes de oro, Las fieras, Los bandidos de Uad Djuari, Los cazadores de marfil, Los hombres fieras, Odio desde la otra vida, Rahutia la bailarina, Ven, mi ama Zobeida quiere hablarte
Arredondo, Inés;México;1928;1989;Estío, La señal, La sunamita
Arreola, Juan José;México;1918;2001;Ágrafa musulmana en papiro de oxyrrinco, Alejandrina, Anuncio, Armisticio, Baby H. P., Baltasar Gérard [1555 1582], Camelidos, Carta a un zapatero que compuso mal unos zapatos, Cláusula III, Corrido, Cuento de horror, De balística, Diálogo con Borges, El converso, El discípulo, El faro, El guardagujas, El prodigioso miligramo, El rinoceronte, El rinoceronte, El sapo, El silencio de Dios, En verdad os digo, Eva, Felinos, In Memoriam, La canción de Peronelle, La jirafa, La migala, Libertad, Los alimentos terrestres, Monólogo del insumiso, Nabónides, Parábola del trueque, Parturient montes, Pueblerina, Receta casera, Sinesio de Rodas, Teoría de Dulcinea, Topos, Un pacto con el diablo, Una de dos, Una mujer amaestrada, Una reputación
Asturias, Miguel Ángel;Guatemala;1899;1974;Leyenda del volcán
Ayala, Francisco;España;1906;2009;El Inquisidor, La vida por la opinión
Bareiro Saguier, Rubén;Paraguay;1930;2014;Diente por diente, Licantropía, Ojo por diente
Baroja, Pío;España;1872;1956;Ángelus, El reloj, La caja de música, La sima, Mari Belcha, Médium, Olaberri el macabro
Barreto, Héctor;Chile;1916;1936;La ciudad enferma
Bécquer, Gustavo Adolfo;España;1836;1870;"Introducción al libro ""Rimas y leyendas"", El gnomo, El miserere, El monte de las ánimas, El rayo de luna, La corza blanca, La promesa, La rosa de pasión, La Venta de los Gatos, Los ojos verdes, Maese Pérez el Organista, RIMAS Y LEYENDAS - Libro completo, Tres flechas"
Belaval, Emilio S.;Puerto Rico;1903;1972;La candelaria de Juan Candelario, La viuda del manto prieto, Mantengo, Santiguá de santigüero, Tormenta platanera
Benavente, Jacinto;España;1866;1954;Cuento inmoral, Historia de un día en tres esquelas, Nochebuena aristocrática
Benedetti, Mario;Uruguay;1920;2009;A imagen y semejanza, Almuerzo y dudas, Andamios, Beatriz, la polución, Beatriz, una palabra enorme, Bestiario, Cleopatra, Corazonada, El altillo, El hombre que aprendió a ladrar, El niño cinco mil millones, El Otro Yo, El sexo de los ángeles, Eso, Gracias, vientre leal, La noche de los feos, Lázaro, Lingüistas, Los bomberos, Los pocillos, Mucho gusto, Pacto de sangre, Persecuta, Réquiem con tostadas, Rutinas, Sábado de Gloria, Su amor no era sencillo, Tan amigos, Tango, Todo lo contrario, Traducciones, Un boliviano con salida al mar
Bioy Casares, Adolfo;Argentina;1914;1999;El caso de los viejitos voladores, En memoria de Paulina, La francesa, La salvación, La trama celeste, Las vísperas de Fausto, Margarita o el poder de la farmacopea, Post operatorio, Postrimerías, Retrato, Retrato del héroe, Tigres
Blanco, Andrés Eloy;Venezuela;1896;1955;La gloria de Mamporal
Blasco Ibáñez, Vicente;España;1867;1928;El maniquí, El ogro, En la puerta del Cielo, La condenada, La corrección, La pared, Sancha, Un beso, Venganza moruna
Bombal, María Luisa;Chile;1910;1980;El árbol, Lo secreto
Borges, Jorge Luis;Argentina;1899;1986;Abel y Caín, Adrogué, Alguien soñará, Andrés Armoa, Argumentum ornithologicum, Biografía de Tadeo Isidoro Cruz (1829-1874), Borges y yo, Del Rigor en la Ciencia, Diálogo sobre un diálogo, El acercamiento a Almotásim, El adivino, El Aleph, El cautivo, El evangelio según Marcos, El informe de Brodie, El jardín de los senderos que se bifurcan, El libro de arena, El milagro secreto, El muerto, El Palacio, El perro de doble cuerpo, El puñal, El sur, Emma Zunz, Episodio del enemigo, Funes el memorioso, Ictiocentauros, La biblioteca de Babel, La biblioteca total, La casa de Asterión, La intrusa, La larga busca, La peluda, La secta de los treinta, La trama, Las ruinas circulares, Le régret d'Héraclite, Los dos reyes y los dos laberintos, Los hrönir de Tlön, Mutaciones, Odín, Parábola de Cervantes y de Quijote, Pierre Menard, autor del Quijote, Tlön, Uqbar, Orbis Tertius, Tres versiones de Judas, Un problema, Un sueño, Utopía de un hombre que está cansado
Bosch, Juan;República Dominicana;1909;2001;Dos pesos de agua, En un bohío, La bella alma de don Damián, La mancha indeleble, La mujer, La Nochebuena de Encarnación Mendoza, Los amos, Luis Pie
Caballero, Fernán;España;1796;1877;Bella Flor, Benibaire, Cómo le gusta al Niño Dios que le pidan, Cuento de bruja, El Carlanco, El lirio azul, El lobo bobo y la zorra astuta, El pícaro pajarillo, La hormiguita, La niña de los tres maridos, La tentación, La Virgen costurera, Los caballeros del pez, Los deseos, Los dos caminitos, Otra versión del Carlanco, Señor, aquí está Juan, Si Dios quiere, Una promesa
Cáceres Lara, Víctor;Honduras;1915;1993;Paludismo
Camacho, Juan Vicente;Venezuela;1829;1872;Confesión auténtica de un ahorcado resucitado
Carpentier, Alejo;Cuba;1904;1980;El entierro de Henri Christophe, Los advertidos, Semejante a la noche, Viaje a la semilla
Carrasquilla, Tomás;Colombia;1858;1940;San Antoñito
Carrington, Leonora;México;1917;2011;Los conejos blancos
Cela, Camilo José;España;1916;2002;La eterna canción, Olor a cebolla, Pequeña parábola de “Chindo” perro de ciego
Cernuda, Luis;España;1902;1963;Pregones
Cervantes, Miguel de;España;1547;1616;El amante liberal, El casamiento engañoso, El celoso extremeño, El coloquio de los perros, El curioso impertinente, El enamorado portugués, El licenciado Vidriera, La española inglesa, La fuerza de la sangre, La gitanilla, La ilustre fregona, La pastora Marcela, Rinconete y Cortadillo, Rutilio da cuenta de su vida
Chacel, Rosa;España;1898;1994;La última batalla
Coll, Pedro Emilio;Venezuela;1872;1947;El diente roto
Coloane, Francisco;Chile;1910;2002;Cinco marineros y un ataúd verde, Galope de esqueletos, La botella de caña vacía, Viven porque están muertos
Congrains Martín, Enrique;Perú;1932;2009;El niño de Junto al Cielo
Conti, Haroldo;Argentina;1925;1976;Los caminos, Muerte de un hermano, Perdido
Cortázar, Julio;Argentina;1914;1984;"Almuerzos, Amor 77, Axolotl, Carta a una señorita en París, Cartas de mamá, Casa tomada, Circe, Cóndor y cronopio, Conducta en los velorios, Conservación de los recuerdos, Continuidad de los parques, Después del almuerzo, El diario a diario, En un vaso de agua fría o preferentemente tibia, Epígrafe de ""Rayuela"", Historia verídica, Instrucciones para cantar, Instrucciones para llorar, Instrucciones para subir una escalera, La autopista del sur, La isla a mediodía, La noche boca arriba, La señorita Cora, Las líneas de la mano, Las ménades, Lejana, Los testigos, Página asesina, Patio de tarde, Por escrito gallina una, Rayuela: Capítulo 68, Secuencias, Tema para un tapiz, Teoría del cangrejo, Todos los fuegos el fuego, Una flor amarilla, Vialidad"
d'Halmar, Augusto;Chile;1882;1950;En provincia
Dabove, Santiago;Argentina;1889;1951;El tren, Ser polvo
Darío, Rubén;Nicaragua;1867;1916;"Aguafuerte, Amar hasta fracasar (solo la vocal ""a""), Cuento de Nochebuena, El caso de la señorita Amelia, El nacimiento de la col, El pájaro azul, El rey burgués, El rubí, El sátiro sordo, El velo de la reina Mab, Huitzilopoxtli, La extraña muerte de fray Pedro, La larva"
Delibes, Miguel;España;1920;2010;El amor propio de Juanito Osuna, El otro hombre, El pueblo en la cara, La mortaja, Navidad sin ambiente
Denevi, Marco;Argentina;1922;1998;A la salida del Infierno, Adán y Eva, Catequesis, Crueldad de Cervantes, Cuento de horror, Cuento policial, Desastroso fin de los tres Reyes Magos, Descenso a los infiernos de la imaginación, Dulcinea del Toboso, El amor es crédulo, El diablo, El emperador de China, El eterno militar, El maestro traicionado, El nunca correspondido amor de los fuertes por los débiles, El peligro amarillo, El precursor de Cervantes, El ruiseñor, El trabajo N° 13 de Hércules, Epidemia de Dulcineas en el Toboso, Esquina peligrosa, Génesis, Génesis, 2, Historia fantástica, In paradisum, Justificación de la mujer de Putifar, La anunciación al traidor, La bella durmiente del bosque y el príncipe, La cicatriz, La hormiga, La inmolación por la belleza, La memoria, esa incomodidad, La mujer ideal no existe, La mujer ideal para el perfecto machista, La reina virgen, La soledad, La virginidad escasea, Las vírgenes prudentes, Los animales en el arca, Los ardides de la impotencia, Los silencios de Lanzarote y Ginebra, Otra versión, Pensamientos del señor Perogrullo, Proposición sobre las verdaderas causas de la locura de don Quijote, Realismo femenino, Schehrasad en la noche 1002, Silencio de sirenas, The male animal, Una impostura del señor Perogrullo, Verídica crónica de Juana la Loca y de Felipe el Hermoso, “Veritas odium parit”
Díaz Alfaro, Abelardo;Puerto Rico;1919;1999;El Josco, Santa Clo va a La Cuchilla
Díaz Grullón, Virgilio;República Dominicana;1924;2001;Caín, Catatónico, Edipo, El maleficio, La enemiga, La rebelión
Díaz Rodríguez, Manuel;Venezuela;1871;1927;Cuento áureo
Díaz Valcárcel, Emilio;Puerto Rico;1929;2015;El asedio, El regreso, La muchacha del tiempo
Dieste, Rafael;España;1899;1981;Acerca de la muerte de Bieito, El niño suicida, El regreso
Donoso, José;Chile;1924;1997;China, La invención de Ramón, La puerta cerrada, Una señora
Echeverría, Esteban;Argentina;1805;1851;El matadero
Edwards, José;Chile;1910;1970;El acto libre, El barbazul delicado, El masoquista
Emar, Juan;Chile;1893;1964;El vicio del alcohol
Fernández, Macedonio;Argentina;1874;1952;Artificios, Un paciente en disminución
Fernández Flórez, Wenceslao;España;1885;1964;La fraga de Cecebre
Fernández Santos, Jesús;España;1926;1988;Cabeza rapada
Fuentes, Carlos;México;1928;2012;Chac Mool, El que inventó la pólvora, La muñeca reina, Una zona sagrada
Gallegos, Rómulo;Venezuela;1884;1969;El crepúsculo del diablo, El paréntesis, El piano viejo
García Lorca, Federico;España;1898;1936;Amantes asesinados por una perdiz, Degollación de los inocentes, Historia de este gallo, La gallina, Nadadora sumergida, Santa Lucía y san Lázaro, Suicidio en Alejandría
García Márquez, Gabriel;Colombia;1927;2014;Algo muy grave va a suceder en este pueblo, El cuento del gallo capón, El drama del desencantado, El rastro de tu sangre en la nieve, El visitante, Espantos de agosto, La fotogenia del fantasma, La luz es como el agua, La muerte en Samarra, La prodigiosa tarde de Baltazar, La santa, Ladrón de sábado, Los cinco cuentos cortos más bellos del mundo: I, Los cinco cuentos cortos más bellos del mundo: II, Los cinco cuentos cortos más bellos del mundo: III, Los cinco cuentos cortos más bellos del mundo: IV, Los cinco cuentos cortos más bellos del mundo: V, Piensa en nosotros, Retinoblastoma, Solo vine a hablar por teléfono, Un día de estos, Un niño como yo, Un señor muy viejo con unas alas enormes
Garmendia, Julio;Venezuela;1898;1977;El alma, El difunto y yo, El pequeño nazareno, La tienda de muñecos
Garmendia, Salvador;Venezuela;1928;2001;Asunto de familia, Cosas de la muerte, Difuntos y volátiles, El turpial que vivió dos veces, Pájaros otoñales
Garro, Elena;México;1916;1998;El anillo, El Duende, La culpa es de los tlaxcaltecas, Las cuatro moscas, ¿Qué hora es?, Teología
Gómez de la Serna, Ramón;España;1888;1963;Aparición del tritón, Aquella muerta, Brujería del gato, Diez millones de automóviles, El burro zancón, El desterrado, El día 32, El disfraz inaudito, El extraño panadero, El fanático de Dios, El gato que vuela, El hielo, El ilusionista, El lector de reojo, El negro condenado a muerte, El perro, El pez, El que se los comió, El que veía en la obscuridad, El sueño del violinista, El sueño y la muerte, Él y él mismo, ¡Ese soy yo!, Invención del Carnaval, La amante de Santiago, La cleptómana de cucharillas, La estatua inesperada, La mano, La mano de mármol, La vuelta del otro, Las estrellas, Las jaurías de la luna, Las negruras de Rembrandt, El sentenciado a diez muertes, Los campanarios, Los senos cuyo valor desconoce el dueño, Los senos de verdadero Sèvres, Metamorfosis, Navidad, No hay que pervertir los números, Peor que el infierno, Récord de viajero de avión, Revolución, Sabe a mariposa, Seis barbas de besugo, Senos. Las criadas, Senos. Senos de viuda, Traspaso de los sueños, Un duelo, Verdadera falsa muerte de Calígula, Yo vi matar a aquella mujer
González, José Luis;Puerto Rico;1926;1996;El ausente, El escritor, En el fondo del caño hay un negrito, La carta, La noche que volvimos a ser gente, Miedo, Una caja de plomo que no se podía abrir
González Zeledón, Manuel;Costa Rica;1864;1936;El clis de sol
Gudiño Kieffer, Eduardo;Argentina;1935;2002;Azogue, Casa di Amore e Psyche, De donde Juan Eduardo Martini..., El rulo, Gallina, La nochebuena de Maritornes, Recomendaciones a Sebastián para la compra de un espejo, Vaca
Güiraldes, Ricardo;Argentina;1886;1927;Diálogos y palabras, El pozo, Nocturno, Politiquería, Telesforo Altamira, Trenzador
Gutiérrez Nájera, Manuel;México;1859;1895;Después de las carreras
Guzmán, Martín Luis;México;1887;1976;La fiesta de las balas
Guzmán, Augusto;Bolivia;1903;1994;El tapado
Hernández, Felisberto;Uruguay;1902;1963;"El acomodador, El balcón, El cocodrilo, El corazón verde, El vestido blanco, Elsa, En gira con Yamandú Rodríguez, La casa inundada, La mujer parecida a mí, La pelota, Menos Julia, Mi primer concierto, Muebles ""El Canario"", Mur, Nadie encendía las lámparas"
Hernández, Efrén;México;1904;1958;Un clavito en el aire
Huidobro, Vicente;Chile;1893;1948;La hija del guardaagujas, La joven del abrigo largo, Tragedia
Jaimes Freyre, Ricardo;Bolivia;1868;1933;Justicia india
Jardiel Poncela, Enrique;España;1901;1952;"El amor que no podía ocultarse, El amor tomado del natural, El chofer nuevo (sin la letra ""a""), La mujer-gato, La silla del Imperio, Los vecinos del principal derecha, Un marido sin vocación (sin la letra ""e"")"
Jiménez, Juan Ramón;España;1881;1958;¡Abrió los ojos!, Cuentos largos, El rayito de sol, El recto, La violetilla
Juan Manuel;España;1282;1348;
Lastarria, José Victorino;Chile;1817;1888;Rosa
Lezama Lima, José;Cuba;1910;1976;Cangrejos, golondrinas, Invocación para desorejarse, Para un final presto
Lillo, Baldomero;Chile;1867;1923;Cambiadores, Cañuela y Petaca, El ahogado, El alma de la máquina, El Chiflón del Diablo, El grisú, El hallazgo, El perfil, El pozo, El rapto del sol, El registro, El remolque, El vagabundo, En la rueda, Inamible, Irredención, Juan Fariña, La compuerta número 12, La cruz de Salomón, La mano pegada, Las nieves eternas, Los inválidos, Quilapán, Sub sole, Víspera de difuntos
López Portillo y Rojas, José;México;1850;1923;Reloj sin dueño
López y Fuentes, Gregorio;México;1897;1966;El burro canelo, Noble campaña, Una carta a Dios, Uno a media calle
Lugones, Leopoldo;Argentina;1874;1938;Abuela Julieta, El descubrimiento de la circunsferencia, El escuerzo, El espíritu nuevo, El hombre muerto, Francesca, La dicha de vivir, La estatua de sal, La lluvia de fuego, Los caballos de Abdera, Un fenómeno inexplicable, Yzur
Lyra, Carmen;Costa Rica;1887;1949;La suegra del diablo
Mallea, Eduardo;Argentina;1903;1982;Conversación
Marqués, René;Puerto Rico;1919;1979;En la popa hay un cuerpo reclinado, En una ciudad llamada San Juan, Purificación en la calle del Cristo
Martínez Ruiz, José (Azorín);España;1873;1967;La prehistoria, Las sirenas, Una elegía
Matute, Ana María;España;1926;2014;Bernardino, El niño al que se le murió el amigo, El tiovivo, La conciencia, La rama seca, Los chicos, Los relojes, Mar, Música, Pecado de omisión
Menéndez Leal, Álvaro;El Salvador;1931;2000;Fire and Ice
Monterroso, Augusto;Guatemala;1921;2003;"Aforismos, Caballo imaginando a Dios, Cómo acercarse a las fábulas, Dejar de ser mono, El burro y la flauta, El Camaleón que finalmente no sabía de qué color ponerse, El centenario, El Conejo y el León, El dinosaurio, El eclipse, El espejo que no podía dormir, El fabulista y sus críticos, El grillo maestro, El mono que quiso ser escritor satírico, El mundo, El paraíso imperfecto, El perro que deseaba ser un ser humano, El Rayo que cayó dos veces en el mismo sitio, El salto cualitativo, El zorro es más sabio, Epitafio encontrado en el cementerio Monte Parnaso de San Blas, S.B., Fecundidad, Heraclitana, Historia fantástica, Homenaje a Masoch, Humorismo, Imaginación y destino, La fe y las montañas, La honda de David, La jirafa que de pronto comprendió que todo es relativo, La mosca que soñaba que era un águila, La oveja negra, La rana que quería ser una rana auténtica, La sirena inconforme, La tela de Penélope o quién engaña a quién, La tortuga y Aquiles, La vida en común, Las criadas, Míster Taylor, Nube, ""Nulla dies sine linea"", Obras completas, Pigmalión, Sinfonía concluida, Te conozco mascarita"
Mujica Láinez, Manuel;Argentina;1910;1984;El hambre, El hombrecito del azulejo, El ilustre amor (1797), La adoración de los Reyes Magos, Narciso, Un artista
Mutis, Álvaro;Colombia;1923;2013;Capitán del 3º de Lanceros de la Guardia Imperial, El último rostro, Hay un oficio, Intermedio en Niza, La muerte del estratega, Lámparas de hojalata, Mal de ojo, Sharaya, Si te empeñas, Soledad, Sueño del fraile
Novás Calvo, Lino;Cuba;1903;1983;Angusola y los cuchillos, Aquella noche salieron los muertos, Cayo Canas, Un buchito de café
Ocampo, Silvina;Argentina;1913;1993;Cielo de claraboyas, El retrato mal hecho, El vendedor de estatuas, El verdugo, El vestido verde aceituna, La cabeza pegada al vidrio, La expiación
Onetti, Juan Carlos;Uruguay;1909;1994;Bienvenido, Bob, El árbol, El cerdito, El gato, El impostor, El infierno tan temido, El posible Baldi, Esbjerg, en la costa, Ida y vuelta, La araucaria, La escopeta, Las tres de la mañana, Los besos, Mañana será otro día, Mascarada, Un sueño realizado
Ortega y Gasset, José;España;1883;1955;Dan Auta
Palacio, Pablo;Ecuador;1906;1947;La doble y única mujer
Palacio Valdés, Armando;España;1853;1938;El sueño de un reo de muerte, Los puritanos, Polifemo
Palma, Ricardo;Perú;1833;1919;¡A nadar, peces!, Aceituna, una, Oficiosidad no agradecida, Por beber una copa de oro
Pardo Bazán, Emilia;España;1851;1921;Accidente, Adriana, Agravante, Al buen callar..., Apostasía, Ardid de guerra, Arena, Argumento, Armamento, Aventura, Banquete de boda, Barbastro, Benito de Palermo, Bromita, Caso, Casualidad, Ceniza, Clave, ¿Cobardía?, Coleccionista, Comedia, Cometaria, Compatibles, Confidencia, Consuelos, Corpus, Crimen libre, Cuatro socialistas, Cuento de Navidad, Cuento inmoral, Cuento primitivo, Cuentos de amor (43 cuentos), Cuentos de la patria (10 cuentos), Cuentos de la tierra (43 cuentos), Cuentos de Marineda (9 cuentos), Cuentos de Navidad y Año Nuevo (3 cuentos), Cuentos de Navidad y Reyes (18 cuentos), Cuentos del terruño (19 cuentos), Cuentos dramáticos (37 cuentos), Cuentos nuevos (36 cuentos), Cuentos sacroprofanos (36 cuentos), Cuentos trágicos (27 cuentos), Cuesta abajo, Curado, Dalinda, De Navidad, De polizón, De un nido, De vieja raza, Desde afuera, Desde allí, Dioses, Doradores, Dos cenas, «Drago», «Dura Lex», Durante el entreacto, El ahogado, El aljófar, El alma de sirena, El antepasado, El árbol rosa, El aviso, El baile del Querubín, El Belén, El caballo blanco, El camafeo, El Catecismo, El ciego, El Cinco de Copas, El comadrón, El cuarto..., El décimo, El destino, El fondo del alma, El gemelo, El guardapelo, El gusanillo, El indulto, El mandil de cuero, El martirio de sor Bibiana, El mechón blanco, El milagro de la diosa Durga, El milagro del hermanuco, El molino, El montero, El niño de San Antonio, El oficio de difuntos, El pajarraco, El palacio de Artasar, El palacio frío, El pecado de Yemsid, El peligro del rostro, El peregrino, El pinar del tío Ambrosio, El Pozo de la Vida, El quinto, El revólver, El rizo del Nazareno, El rompecabezas, El ruido, El Santo Grial, El señor doctoral, El sino, El talismán, El tapiz, El templo, El tesoro, El tesoro de los Lagidas, El tetrarca en la aldea, El tornado, El torreón de la esperanza, El trueque, El vino del mar, El voto, El voto de Rosiña, El «Xeste», Elección, En el nombre del Padre..., En el Santo, En Semana Santa, En tranvía, En verso, Entrada de año, Entre razas, Evocación, Eximente, Fantasía, Fausto y Dafrosa, Fuego a bordo, Geórgicas, Hijo del alma, Historias y cuentos de Galicia (23 cuentos), Idilio, Infidelidad, Inspiración, Instinto, Interiores (20 cuentos), Inútil, Jesús en la Tierra, Jesusa, «Juan Trigo», Justiciero, La almohada, La amenaza, La argolla, La armadura, La aventura, «La Borgoñona», La bronceada, La calavera, «La Camarona», La cana, La capitana, La cena de Cristo, La centenaria, «La Chucha», La cita, La comedia piadosa, La «Compaña», La cruz negra, La cruz roja, La dentadura, La enfermera, La estéril, «La exangüe», La flor de la salud, La flor seca, La gota de cera, La hierba milagrosa, La leyenda de la torre, La lógica, La madrina, La mariposa de pedrería, La máscara, «La Mayorazga» de Bouzas, La moneda del mundo, La mosca verde, La Navidad de «Peludo», La niña mártir, La Nochebuena del carpintero, La Nochebuena del Papa, La operación, La oración de Semana Santa, La oreja de Juan Soldado (Cuento futuro), La palinodia, La paloma, La paloma negra, La pasarela, La paz, La penitencia de Dora, La puñalada, La redada, La reja, La resucitada, La risa, La rosa, La santa de Karnar, La sed de Cristo, La tentación de sor María, La tigresa, La ventana cerrada, La visión de los Reyes Magos, Las caras, Las cerezas, «Las desnudas», Las dos vengadoras, Las setas, Las tapias del Campo Santo, Las tijeras, Las veintisiete, Las vistas, Leliña, Ley natural, Linda, Los de entonces, Los hilos, Los huevos arrefalfados, Los Magos, Los padres del Santo, Madre, Madre gallega, Mansegura, Miguel y Jorge, Morrión y Boina, Náufragas, Nieto del Cid, Nochebuena del jugador, Nube de paso, Nuestro Señor de las Barbas, Ocho nueces, «Omnia Vincit», Oscuramente, Página suelta, Paracaídas, Pena de muerte, Piña, Planta montés, Poema humilde, Por dentro, Por el arte, Por otro, Posesión, Prejaspes, Que vengan aquí..., Recompensa, Reconciliación, Rosquilla de monja..., Saletita, «Santiago el Mudo», Santos Bueno, Sedano, Semilla heroica, Sequía, Siglo XIII, Sin respuesta, Sobremesa, Sueños regios, Suerte macabra, Sustitución, Tiempo de ánimas, Tío Terrones, Travesura Pontificia, Un destripador de antaño, Un duro falso, Vampiro, Vengadora, Vida nueva, Vidrio de colores, Viernes Santo, Vitorio, Vivo retrato, Vocación, Voz de la sangre, Zenana
Payno, Manuel;México;1810;1894;Amor secreto
Paz, Octavio;México;1914;1998;El ramo azul, Maravillas de la voluntad, Prisa
Pérez Galdós, Benito;España;1843;1920;¿Dónde está mi cabeza?, El don Juan, Rompecabezas
Pi y Margall, Francisco;España;1824;1901;El hurto
Piñera, Virgilio;Cuba;1912;1979;En el insomnio, La carne, Natación
Pitol, Sergio;México;1933;2018;Ícaro, La pantera, Victorio Ferri cuenta un cuento
Pocaterra, José Rafael;Venezuela;1889;1955;La casa de la bruja, Redención
Quiroga, Horacio;Uruguay;1878;1937;A la deriva, CUENTOS DE AMOR DE LOCURA Y DE MUERTE - Libro completo, CUENTOS DE LA SELVA - Libro completo, El alambre de púa, El almohadón de plumas, El balde, El conductor del rápido, El desierto, EL DESIERTO - Libro completo, El espectro, El gerente, El globo de fuego, El haschich, El hijo, El hombre muerto, El infierno artificial, El loro pelado, El paso del Yabebirí, El perro rabioso, El potro salvaje, El síncope blanco, El solitario, El vampiro, Historia de dos cachorros de coatí y de dos cachorros de hombre, Juan Darién, La abeja haragana, La gallina degollada, La gama ciega, La guerra de los yacarés, La insolación, La mancha hiptálmica, La meningitis y su sombra, La miel silvestre, La muerte de Isolda, La patria, La princesa bizantina, La tortuga gigante, Las medias de los flamencos, Las moscas, Las rayas, Las voces queridas que se han callado, Los bebedores de sangre, Los buques suicidantes, Los guantes de goma, Los mensú, Los ojos sombríos, Los pescadores de vigas, Más allá, Nuestro primer cigarro, Rea Silvia, Un idilio, Un peón, Una conquista, Una estación de amor, Una noche de edén, Yaguaí
Revueltas, José;México;1914;1976;Dios en la tierra, Hegel y yo
Reyes, Alfonso;México;1889;1959;Algo peor, Campeona, Catástrofes, De Kelserling, Del bestiario mexicano, Del hilo, al ovillo, Del perfecto gobernante, Diógenes, Duelo, Educación, El buen impresor, El chivo padre, El cocinero, El gallo y el coyote, El mono y el tejón, El veredicto, En el frente, Error, Explorador, La asamblea de los animales, La cena, La elefanta, La fiesta nacional, La melancolía del viajero, La norma, Las dos golondrinas, Ley profunda, Los alivios, Presumida, Rancho de prisioneros, Ratones, Romance viejo, Sabor a mí, Suicidio, Toño Salazar, Venganza literaria
Ribeyro, Julio Ramón;Perú;1929;1994;83, El banquete, El profesor suplente, En el fondo, Estructura, La insignia, La molicie, La primera nevada, La relatividad de nuestras concepciones estéticas, Las cosas andan mal, Carmelo Rosa, Letrado de ayer, Los gallinazos sin plumas, Los merengues, Luder pasa rápidamente, Naturalidad, Nube de polillas, Perfección, Plagio, Por el corredor, Por las azoteas, Que lo cante, Solo lloran los valientes, Un ligero retraso, Un miserable, Universidades, Vueltas y vueltas
Rivera, Andrés;Argentina;1928;2016;Bailé, El corrector, En la mecedora, Lento, Obligaciones, Tres tazas de té, Un asesino de Cristo
Roa Bastos, Augusto;Paraguay;1917;2005;El prisionero, Juegos nocturnos, La excavación
Rodríguez Castelao, Alfonso;España;1886;1950;El retrato, En la noche de la última novena de difuntos
Rojas, Manuel;Chile;1896;1973;Canto y baile, El colocolo, El vaso de leche
Romero de Terreros, Manuel;México;1880;1968;El cofre, El sombrero del rey de Tibotú, Fray Baltasar, La puerta de bronce, Tristis imago
Rulfo, Juan;México;1918;1986;Acuérdate, Anacleto Morones, ¡Diles que no me maten!, Es que somos muy pobres, La noche que lo dejaron solo, Luvina, Macario, No oyes ladrar a los perros, Nos han dado la tierra, Talpa
Ruyra, Joaquim;España;1858;1939;Aniversario, Finilla, La mirada del pobre, La pavura, Las damiselas del mar, Noche de ánimas, Una tarde en el mar, Visión agorera
Salarrué;El Salvador;1899;1975;El cuento de olis olis catrín y el cañonazo, El cuento del cuento que contaron, El río, La botija, La flor del amor, La justicia, Las campanas, Los dioses, Semos malos
Sender, Ramón J.;España;1901;1982;El guaje, La lección
Sinán, Rogelio;Panamá;1902;1994;A la orilla de las estatuas maduras, La boina roja
Soto, Pedro Juan;Puerto Rico;1928;2002;Campeones, Los inocentes
Tapia y Rivera, Alejandro;Puerto Rico;1826;1882;La Palma del Cacique
Torri, Julio;México;1889;1970;A Circe, De funerales, De fusilamientos, De la vida maravillosa de Salva-Obstáculos, El descubridor, El fin de México, El héroe, El mal actor de sus emociones, El vagabundo, Era un país pobre, Estampa, Fantasías mexicanas, La amada desconocida, La balada de las hojas más altas, La cocinera, La conquista de la luna, La feria, La gloriosa, La humildad premiada, Le poète maudit, Literatura, Los unicornios, Mujeres, Vieja estampa
Trigo, Felipe;España;1864;1916;El oro inglés, El recuerdo, El suceso del día, Genio y figura, Jugar con el fuego, La niña mimosa, La primera conquista, La receta, La toga, Luzbel, Mi prima me odia, Mujeres prácticas, Paga anticipada, Paraíso perdido, Por ahí, Pruebas de amor, Tempestad, Tu llanto y mi risa, Villaporrilla
Unamuno, Miguel de;España;1864;1936;Cruce de caminos, El contertulio, El misterio inicial de mi vida, En manos de la cocinera, Historia de V. Goti, La venda, San Manuel Bueno, mártir - Novela corta, Ver con los ojos, Y va de cuento
Úslar Pietri, Arturo;Venezuela;1906;2001;Barrabás, El gallo, La lluvia
Valadés, Edmundo;México;1915;1994;Estuvo en la guerra, Final, La búsqueda, La incrédula, La marioneta, La muerte tiene permiso, Memoria, Pobreza, ¿Por qué?, Sueño
Valera, Juan;España;1824;1905;El caballero de Azor, El cocinero del arzobispo, El doble sacrificio, El pescadorcito Urashima
Valle Inclán, Ramón del;España;1866;1936;El miedo, ¡Malpocado!, Santa Baya de Cristamilde
Viana, Javier de;Uruguay;1868;1926;Los amores de Bentos Sagrera
Walsh, Rodolfo;Argentina;1927;1977;Cuentos para tahúres, Esa mujer, Ese hombre, Fotos, Los nutrieros, Portugueses
Wilcock, Juan Rodolfo;Argentina;1919;1978;Agrimensor Bene Nio, Capitán Luiso Ferrauto, El ángel, Giocoso Spelli, Graziella Link, Ilio Collio, La Atlántida, Las muñecas, Los amantes, Los donguis
Zayas, María de;España;1590;1661;Aventurarse perdiendo, El castigo de la miseria, El jardín engañoso, Estragos que causa el vicio, La esclava de su amante, La inocencia castigada
Zorrilla, José;España;1817;1893;La mujer negra o una antigua capilla de templario, ¿Y aquel entierro que pasa?
